{
  "source_image": "/home/thomas/Dev/Python/Mermaid/output/GPS-Real_corrected.png",
  "image_dimensions": {
    "width": 1606,
    "height": 1306
  },
  "wall_points": {
    "top": [
      [
        1365,
        252
      ],
      [
        223,
        318
      ]
    ],
    "right": [
      [
        1367,
        257
      ],
      [
        1394,
        345
      ]
    ],
    "bottom": [
      [
        1418,
        1087
      ],
      [
        1303,
        1097
      ]
    ],
    "left": [
      [
        218,
        318
      ],
      [
        212,
        377
      ]
    ]
  },
  "wall_lines": {
    "top": {
      "start": [
        0.0,
        330.8879159369527
      ],
      "end": [
        1606.0,
        238.07180385288967
      ]
    },
    "right": {
      "start": [
        1288.1477272727273,
        0.0
      ],
      "end": [
        1688.8522727272727,
        1306.0
      ]
    },
    "bottom": {
      "start": [
        0.0,
        1210.304347826087
      ],
      "end": [
        1606.0,
        1070.6521739130435
      ]
    },
    "left": {
      "start": [
        250.33898305084745,
        0.0
      ],
      "end": [
        117.52542372881355,
        1306.0
      ]
    }
  },
  "detected_corners": {
    "top_left": [
      217.97043981965305,
      318.2906751067451
    ],
    "top_right": [
      1365.4577915094155,
      251.97354269735428
    ],
    "bottom_right": [
      1616.3666987487968,
      1069.7507218479307
    ],
    "bottom_left": [
      128.3925650557621,
      1199.139776951673
    ]
  },
  "corner_count": 4,
  "timestamp": "2025-10-03T16:00:00Z"
}