{
  "source_image": "output\\GPS-Real_corrected.png",
  "rectified_image": "output\\GPS-Real_corrected_rectified_oriented.png",
  "input_corners": {
    "top_left": [
      228.2573699951172,
      226.98391723632812
    ],
    "top_right": [
      576.5851440429688,
      229.02688598632812
    ],
    "bottom_right": [
      612.0982666015625,
      483.537353515625
    ],
    "bottom_left": [
      185.41888427734375,
      562.5520629882812
    ]
  },
  "output_size": {
    "width": 391,
    "height": 298
  },
  "homography_world_to_image": [
    [
      1.2699815531091752,
      -0.27212383141617114,
      228.2573699951172
    ],
    [
      0.15492136302479118,
      0.7418575063425321,
      226.98391723632812
    ],
    [
      0.0006535607507969088,
      -0.0006897167066990759,
      1.0
    ]
  ],
  "homography_image_to_world": [
    [
      0.8915511192444869,
      0.11381503920576026,
      -229.33729713427942
    ],
    [
      -0.0065233825616479515,
      1.1122421663829245,
      -250.97207369402227
    ],
    [
      -0.0005871821048042092,
      0.00069274696157418,
      0.9767862239591345
    ]
  ],
  "homography_image_to_world_canvas": [
    [
      0.7535633246154978,
      0.2766105751756926,
      0.2074654961171838
    ],
    [
      -0.3001144349637525,
      1.4586156471700145,
      237.42103828554497
    ],
    [
      -0.0005871821048042092,
      0.00069274696157418,
      0.9767862239591345
    ]
  ],
  "warp_bounds": {
    "min_x": -235,
    "min_y": -500,
    "max_x": 929,
    "max_y": 532
  },
  "intrinsics_assumed": {
    "fx": 792.0,
    "fy": 792.0,
    "cx": 396.0,
    "cy": 355.5
  },
  "orientation_estimate_degrees": {
    "yaw_z": 3.6006258061902847,
    "pitch_y": -23.450245347532363,
    "roll_x": -28.1109867741817
  },
  "notes": "Yaw(Z), Pitch(Y), Roll(X) estimated via homography decomposition with assumed intrinsics."
}