{
  "source_image": "output/GPS-Real_corrected.png",
  "image_dimensions": {
    "width": 792,
    "height": 711
  },
  "wall_points": {
    "top": [
      [
        572,
        229
      ],
      [
        231,
        227
      ]
    ],
    "right": [
      [
        577,
        232
      ],
      [
        583,
        275
      ]
    ],
    "bottom": [
      [
        588,
        488
      ],
      [
        561,
        493
      ]
    ],
    "left": [
      [
        228,
        229
      ],
      [
        222,
        276
      ]
    ]
  },
  "wall_lines": {
    "top": {
      "start": [
        0,
        225.6451612903226
      ],
      "end": [
        792,
        230.29032258064515
      ]
    },
    "right": {
      "start": [
        544.6279069767442,
        0
      ],
      "end": [
        643.8372093023256,
        711
      ]
    },
    "bottom": {
      "start": [
        0,
        596.8888888888889
      ],
      "end": [
        792,
        450.22222222222223
      ]
    },
    "left": {
      "start": [
        257.2340425531915,
        0
      ],
      "end": [
        166.468085106383,
        711
      ]
    }
  },
  "detected_corners": {
    "top_left": [
      228.25737265415552,
      226.98391420911528
    ],
    "top_right": [
      576.5851477714831,
      229.02689236229605
    ],
    "bottom_right": [
      612.0982367758187,
      483.5373635600336
    ],
    "bottom_left": [
      185.41888619854726,
      562.5520581113802
    ]
  },
  "corner_count": 4,
  "timestamp": "2025-10-03T16:00:00Z"
}