{
  "source_image": "output/GPS-Real_corrected.png",
  "rectified_image": "output/GPS-Real_corrected_rectified_oriented.png",
  "input_corners": {
    "top_left": [
      217.97044372558594,
      318.2906799316406
    ],
    "top_right": [
      1365.457763671875,
      251.97354125976562
    ],
    "bottom_right": [
      1616.36669921875,
      1069.750732421875
    ],
    "bottom_left": [
      128.39256286621094,
      1199.1397705078125
    ]
  },
  "output_size": {
    "width": 1321,
    "height": 870
  },
  "homography_world_to_image": [
    [
      0.9105389020154421,
      -0.13788300773187534,
      217.97044372558594
    ],
    [
      -0.04263185503846588,
      0.6886025451126302,
      318.2906799316406
    ],
    [
      3.0195241003284605e-05,
      -0.0002710549572255055,
      1.0
    ]
  ],
  "homography_image_to_world": [
    [
      1.112787200319498,
      0.11316480969495848,
      -278.5740240479365
    ],
    [
      0.07502486581157272,
      1.2981573613830777,
      -429.5445925042854
    ],
    [
      -1.3265015905612445e-05,
      0.00034845494935983515,
      0.891981418645686
    ]
  ],
  "homography_image_to_world_canvas": [
    [
      1.1086352503410413,
      0.22223120884458689,
      0.6161599881631901
    ],
    [
      0.06863112814506753,
      1.4661126469745183,
      0.39045128293525977
    ],
    [
      -1.3265015905612445e-05,
      0.00034845494935983515,
      0.891981418645686
    ]
  ],
  "warp_bounds": {
    "min_x": -313,
    "min_y": -482,
    "max_x": 1732,
    "max_y": 1045
  },
  "intrinsics_assumed": {
    "fx": 1606.0,
    "fy": 1606.0,
    "cx": 803.0,
    "cy": 653.0
  },
  "orientation_estimate_degrees": {
    "yaw_z": -3.8885545780818083,
    "pitch_y": -3.0562776478734595,
    "roll_x": -26.633552392776846
  },
  "notes": "Yaw(Z), Pitch(Y), Roll(X) estimated via homography decomposition with assumed intrinsics."
}